Bacteria_27,Bacteria_3,Bacteria_29,Bacteria_4,Bacteria_5,Bacteria_19,Bacteria_14,Bacteria_33,Bacteria_17,Bacteria_37,Bacteria_6,Bacteria_42,Bacteria_34,Bacteria_39,Bacteria_21,Bacteria_40,Bacteria_28,Bacteria_23,Bacteria_20,Bacteria_41,disease_status
0.9826686926061919,0.5967893193535206,0.8286418869384028,1.131802115422086,0.49250954745404035,0.6459613372265272,1.4731869876301897,0.7180323092766875,1.4584597651678017,1.4701603967783008,1.1797757028028941,1.083058920965321,0.5823100672453959,1.0397286354523962,0.4716917845847169,1.2832510678881646,0.9808479912205268,0.9044889060991578,0.816516518289354,0.6819860085599522,healthy
1.2395238852045731,1.200689071269928,0.8864272347025871,0.954233579924853,0.7292929837300212,0.46627807235127616,0.8596889137917174,1.2012168157295264,0.7273057931839434,0.8808755766538655,1.1797757028028941,0.9495480915780312,0.6222832999377176,1.1580589050410606,1.0977054138344917,0.606470545708646,0.5034044907785302,0.5821005760082534,0.6219920350756901,0.9159100360780148,healthy
1.002426784344529,0.5383474078777393,0.4241444525891128,0.8555843935375014,1.5580350106959542,0.8855390237268619,1.1565428204877524,0.5771034948946094,1.3622552951699256,0.9861050088189433,0.9913883650299768,0.7015994084302074,1.1219487085917386,1.177780616639171,1.05976519387996,1.170454314191578,1.2792501789967747,1.3216973332756223,0.9526836565389187,1.032872049837046,healthy
0.9233944173911809,1.1032858854769592,0.7130711914100343,1.526398860971493,1.104200091166991,0.7857149876850558,0.8992694346845221,0.8388284358898973,0.5541377471877665,1.4280686239122697,1.0290658325845603,0.7588183353104744,0.6422699162838784,0.8425115194712892,1.3822570634934803,0.7756656762535257,1.2991436581818578,0.43038842067135724,1.32228017464488,1.0523657187968847,healthy
0.9431525091295179,1.025363336842584,1.05978327799514,0.9936932544797937,0.8476847018680116,1.165046324643919,0.424303183970866,1.0602880013474485,1.208328143173324,0.9861050088189433,0.9913883650299768,1.0258399940850538,0.9220825451301301,0.5072424223034073,0.4906618945619828,1.0764570194444227,0.9410610328503605,1.1510211585216141,1.1277556914312161,0.7599606843993064,healthy
0.7653296834844847,0.8500376024152398,0.9634743650548327,0.954233579924853,1.0450042320979958,0.9653982525603068,1.1169622995949477,0.8388284358898973,0.9389556271792708,1.2597015324481453,0.5580974881522672,1.2165697503526105,0.8821093124378084,0.38891215271474305,1.05976519387996,1.2832510678881646,1.418504533292357,1.01827302260183,0.6025395867543237,1.0718593877567233,healthy
0.9431525091295179,0.8110763280980523,0.8286418869384028,0.717475532595209,0.6503651716380275,1.3646943967275313,0.9190596951309244,1.4226763811870777,1.4392188711682266,0.7335543716227567,1.0102270988072686,0.6253075059231847,1.0020290105147736,0.9016766542656214,1.1925559637208212,1.2832510678881646,1.1797827830713588,0.7717407701793736,0.7192542766825221,1.169327732555916,healthy
0.8443620504378327,1.0838052483183653,1.0790450605832014,0.835854556260031,0.9266125139600052,1.444553625560976,1.0971720391485456,0.7180323092766875,1.0351600971771469,1.0071508952519588,0.9725496312526851,1.2356427259793663,0.8821093124378084,1.2172240398353926,0.9649146439936304,1.0200586425961296,1.0206349495906932,1.094129100270278,1.2055654847166817,1.4032517600739787,healthy
0.7850877752228217,0.5383474078777393,1.252401103875754,0.7963948817050903,0.9266125139600052,0.8256446021017783,0.7409473511133035,0.7784303725832924,0.7465466871835187,0.6493708258906945,1.1044207676937272,1.0067670184582982,0.9820423941686126,0.8425115194712892,1.4012271734707462,1.2080532320904402,0.9609545120354437,0.8096688090135977,0.8748738632534532,0.8574290291984992,healthy
0.9431525091295179,1.122766522635553,1.252401103875754,1.0923424408671454,0.9858083730290005,1.1251167102271966,1.0773817787021431,0.7985630603521607,0.86199205118097,1.3017933053141764,1.5565503783487287,0.9495480915780312,1.181908557630221,0.7044595382845144,1.1166755238117576,1.151654855242147,0.7023392826293622,1.075165080853166,0.8943263115748196,0.8769226981583377,healthy
0.7258135000078106,1.5318599029660225,1.0019979302309556,0.8950440680924421,0.9266125139600052,1.1450815174355577,0.8992694346845221,1.0602880013474485,1.6316278111639786,1.2597015324481453,0.8030010272570597,1.1212048722188321,1.3617881047456686,0.921398365863732,1.2494662936526189,0.7944651352029567,0.8415936369249445,0.9993090031847179,0.5441822417902246,0.9548973739976919,healthy
1.2000077017278992,1.0643246111597715,0.9827361476428942,1.0331529290347343,1.104200091166991,0.9055038309352231,1.018010997362936,0.5167054315880045,1.0159192031775717,0.7966920309218033,1.2928081054666445,0.8351102378174972,1.561654268207277,0.9608417890599534,0.832123874152769,0.8132645941523878,0.7023392826293622,1.056201061436054,1.419542416251712,0.5065429879214052,healthy
1.002426784344529,1.1032858854769592,1.0405214954070785,1.0331529290347343,1.064736185120994,1.0452574813937516,0.5232544862028777,1.1408187524229216,0.688824005184793,1.091334440984021,0.8218397610343514,1.1021318965920766,0.7821762307070043,0.5664075570977394,0.8131537641755031,0.4560748741131975,0.9609545120354437,1.0372370420189418,1.3417326229662465,1.1888214015157546,healthy
1.2592819769429102,0.6941925051464896,1.0405214954070785,1.0528827663122047,1.2620557153509782,0.7857149876850558,0.9388499555773268,0.8992264991965021,0.8812329451805452,1.407022737479254,1.1044207676937272,0.6443804815499404,0.8621226960916476,0.9608417890599534,0.5286021145165146,1.0200586425961296,0.9410610328503605,0.9044889060991578,1.1277556914312161,0.6819860085599522,healthy
0.9233944173911809,0.8889988767324275,0.9249507998787099,1.072612603589675,0.86741665489101,0.4862428795596374,0.9982207369165338,1.16095144019179,0.9389556271792708,1.091334440984021,0.7653235597024762,0.6443804815499404,1.0420022432070952,0.8622332310694,1.040795083902694,1.4524461984330441,1.1996762622564419,0.6389926342595895,1.1861130363953154,1.5786947807125258,healthy
0.3108935735027333,1.0838052483183653,1.0790450605832014,0.5201771598205056,0.7884888427990164,1.1251167102271966,1.1367525600413502,1.0200226258097118,0.8427511571813947,0.85982969022085,0.7276460921478928,0.9114021403245198,0.9420691614762909,1.000285212256175,0.5096320045392487,0.8508635120512499,1.1797827830713588,1.075165080853166,1.1277556914312161,1.2862897463149474,healthy
0.9036363256528439,0.8889988767324275,0.52045336552942,1.6447778846363148,1.163395950235986,1.2249407462690027,1.1763330809341548,0.7582976848144241,1.2852917191716247,1.0702885545510055,0.7276460921478928,1.3310076041131447,1.1419353249378994,1.394719444218389,0.851093984130035,0.8132645941523878,1.2394632206266083,0.44935244008846925,0.9915885531816515,1.0523657187968847,healthy
1.1407334265128881,1.200689071269928,1.1175686257593243,0.835854556260031,0.8279527488450132,0.5860669156014435,1.0773817787021431,1.1206860646540533,0.688824005184793,0.7546002580557722,0.8406784948116431,0.606234530296429,1.5016944191687944,0.6452944034901822,0.8700640941073009,0.5500721688603528,0.7620197201846117,0.8855248866820458,1.0110410015030178,1.091353056716562,healthy
0.8246039586994958,0.7721150537808648,0.9056890172906485,0.954233579924853,1.1831279032589845,1.1850111318522802,0.6617863093276941,1.1005533768851852,0.7465466871835187,1.091334440984021,0.9348721636981018,1.2737886772328777,0.8821093124378084,1.000285212256175,0.7372733242664395,1.0952564783938539,0.6028718867039462,0.9234529255162698,0.913778759896186,1.0523657187968847,healthy
1.120975334774551,1.0643246111597715,1.0983068431712628,0.8753142308149717,0.47277759443104195,0.7058557588516109,1.1169622995949477,0.8589611236587655,1.1698463551741733,0.7546002580557722,0.9725496312526851,1.197496774725855,0.9020959287839693,1.0200069238542855,0.8700640941073009,0.7568662173040945,0.48351101159344706,0.9234529255162698,0.8943263115748196,1.442239097993656,healthy
1.0419429678212029,0.9474407882082089,0.9442125824667713,0.9739634172023234,1.1831279032589845,0.6858909516432496,1.314864904058971,1.301880254573868,0.688824005184793,0.35472841582847686,1.1986144365801858,0.7206723840569631,0.9020959287839693,1.059450347050507,0.6803629943346419,0.7944651352029567,1.0803153871459428,1.5492655662809665,0.5441822417902246,0.46755565000172805,healthy
1.1604915182512252,1.6487437259175852,0.8286418869384028,0.954233579924853,1.0844681381439925,0.805679794893417,0.6419960488812917,0.9797572502719754,0.8235102631818195,0.7756461444887878,1.1986144365801858,1.1021318965920766,0.6422699162838784,1.1580589050410606,1.211526073698087,0.6628689225569393,1.0604219079608597,0.48728047892269327,0.8359689666107204,0.993884711917369,healthy
0.7850877752228217,1.2396503455871157,1.252401103875754,0.8555843935375014,0.768756889776018,1.3247647823108089,0.9586402160237291,0.818695748121029,0.86199205118097,1.1965638731490986,0.6711298908160176,1.1593508234723435,1.6416007335919203,0.8227898078731786,0.7752135442209713,1.0200586425961296,0.8415936369249445,0.7148487119280376,0.7387067250038885,0.8379353602386606,healthy
0.8048458669611588,1.0643246111597715,0.8864272347025871,1.3488303254742597,0.9068805609370069,1.2049759390606414,1.018010997362936,1.3824110056493413,1.131364567175023,0.9229673495198966,0.9537108974753934,0.7969642865639858,0.7422029980146826,1.3355543094240567,1.4012271734707462,1.0012591836466984,0.8813805952951109,1.5871936051151907,0.563634690111591,0.9354037050378534,healthy
0.7455715917461477,1.044843974001178,0.6745476262339114,1.013423091757264,1.0252722790749973,1.3846592039358925,0.6222057884348894,0.959624562503107,0.6311013231860674,0.48100373442657013,1.3493243067985197,1.2165697503526105,1.1419353249378994,0.9805635006580642,0.9649146439936304,0.7756656762535257,1.0803153871459428,0.6958846925109256,1.672424244429475,0.8964163671181763,healthy
1.120975334774551,0.7915956909394585,0.5589769307055428,0.8753142308149717,1.0252722790749973,1.1051519030188353,0.6815765697740964,0.5972361826634778,0.9004738391801204,0.7966920309218033,1.4058405081303949,0.8732561890710084,0.9620557778224518,0.8425115194712892,0.7562434342437054,1.3772483626353198,1.517971929217773,0.8665608672649338,0.8748738632534532,1.442239097993656,healthy
1.022184876082866,0.7915956909394585,1.1560921909354471,0.6977456953177387,0.86741665489101,1.0452574813937516,0.8596889137917174,1.1408187524229216,1.3622552951699256,0.901921463086881,1.0667433001391438,1.197496774725855,0.5623234508992351,0.8819549426675106,1.3063766235844168,0.888462429950112,1.0405284287757763,0.7338127313451496,1.2055654847166817,1.2862897463149474,healthy
0.9826686926061919,1.220169708428522,0.8479036695264642,1.0923424408671454,1.0450042320979958,0.7657501804766945,1.314864904058971,1.2817475668049998,0.41945148919074,0.901921463086881,0.6899686245933093,0.9686210672047868,1.0420022432070952,1.3355543094240567,0.7562434342437054,0.9448608067984052,0.5431914491486967,1.20791321677295,1.2055654847166817,0.7014796775197907,healthy
1.2000077017278992,0.7136731423050834,1.2138775386996312,1.1515319526995564,1.0450042320979958,0.8456094093101394,1.0971720391485456,0.818695748121029,0.8812329451805452,0.8177379173548189,0.6522911570387259,1.0067670184582982,0.9220825451301301,1.453884579012721,0.8700640941073009,0.9448608067984052,1.0007414704056101,1.132057139104502,1.4584473128944448,0.6624923396001136,healthy
0.6862973165311367,0.7331537794636771,1.2331393212876927,1.1515319526995564,1.2423237623279797,1.0053278669770291,1.5325577689693968,1.2012168157295264,0.8427511571813947,0.85982969022085,0.7464848259251845,1.2737886772328777,0.7422029980146826,0.9411200774618428,1.4771076133798098,1.0388581015455607,0.901274074480194,0.9613809643504938,1.4973522095371776,0.9548973739976919,healthy
1.2197657934662363,0.8889988767324275,1.19461575611157,0.9345037426473827,0.7884888427990164,0.9055038309352231,1.0575915182557407,1.2616148790361315,1.0159192031775717,0.8808755766538655,0.9537108974753934,0.9876940428315425,1.081975475899417,0.8030680962750678,0.7752135442209713,1.2832510678881646,1.0604219079608597,1.11309311968739,1.2055654847166817,0.9354037050378534,healthy
1.3185562521579213,0.8889988767324275,1.0019979302309556,0.717475532595209,0.6306332186150292,0.9254686381435844,1.1565428204877524,0.6576342459700826,0.9004738391801204,1.322839191747192,1.1986144365801858,0.7588183353104744,1.1619219412840602,0.724181249882625,1.1166755238117576,1.3772483626353198,1.1598893038862756,0.9234529255162698,0.9721361048602851,0.8964163671181763,healthy
0.8048458669611588,1.1032858854769592,1.3101864516399384,1.1120722781446157,1.104200091166991,0.9454334453519455,1.5919285503086038,0.45630736828139973,0.9197147331796957,1.2597015324481453,1.1609369690256024,0.6825264328034517,0.6422699162838784,1.1383371934429498,1.0787353038572258,1.0952564783938539,0.7023392826293622,0.8855248866820458,0.8554214149320868,1.169327732555916,healthy
1.180249609989562,0.9084795138910212,1.290924669051877,0.835854556260031,1.0450042320979958,0.7058557588516109,0.6024155279884871,1.1005533768851852,1.5354233411661027,0.6493708258906945,0.9537108974753934,0.5871615546696733,0.6822431489762001,1.2369457514335034,0.7372733242664395,1.189253773141009,1.1002088663310259,0.7717407701793736,0.9915885531816515,0.8769226981583377,healthy
1.120975334774551,1.1812084341113342,1.19461575611157,1.013423091757264,1.1436639972129876,1.0053278669770291,1.1367525600413502,1.2414821912672631,0.785028475182669,1.2176097595821143,1.0855820339164355,0.6253075059231847,1.061988859553256,1.394719444218389,1.1166755238117576,0.7004678404558013,0.9609545120354437,1.2648052750242862,0.9332312082175523,0.993884711917369,healthy
0.8641201421761698,1.0643246111597715,0.7323329739980956,1.1120722781446157,0.9463444669830037,1.34472958951917,0.6024155279884871,1.0804206891163168,0.9774374151784213,1.23865564601513,0.6146136894841424,0.9686210672047868,1.3617881047456686,1.177780616639171,0.6234526644028441,0.6252700046580771,0.682445803444279,1.0372370420189418,0.7776116216466212,0.6624923396001136,healthy
1.081459151297877,1.1617277969527406,1.290924669051877,1.013423091757264,1.0055403260519988,1.2848351678940864,0.9784304764701315,1.0602880013474485,1.1121236731754478,0.9440132359529122,0.5204200205976839,1.7506130679017695,0.9620557778224518,0.9805635006580642,1.1166755238117576,1.0952564783938539,0.8415936369249445,1.1889491973558381,1.0110410015030178,1.3252770842346244,healthy
0.9826686926061919,1.0058826996839902,1.1560921909354471,1.0331529290347343,1.0450042320979958,0.8855390237268619,0.8992694346845221,0.8992264991965021,0.7465466871835187,1.091334440984021,1.255130637912061,0.8732561890710084,0.9020959287839693,1.177780616639171,1.2494662936526189,1.132855396292716,1.1996762622564419,0.9803449837676059,1.0304934498243843,0.818441691278822,healthy
1.2395238852045731,1.025363336842584,0.8479036695264642,1.131802115422086,1.0055403260519988,1.065222288602113,0.8003181324525104,1.2817475668049998,1.0544009911767223,0.7966920309218033,0.9537108974753934,0.5680885790429177,1.2218817903225427,0.36919044111663235,0.8890342040845668,0.9448608067984052,1.0206349495906932,1.5113375274467424,0.816516518289354,0.9354037050378534,healthy
0.8641201421761698,1.0838052483183653,0.9249507998787099,0.9147739053699123,1.163395950235986,1.1850111318522802,1.1367525600413502,1.0602880013474485,1.1121236731754478,0.8177379173548189,0.5957749557068507,0.9304751159512755,1.2618550230148644,1.118615481844839,0.9649146439936304,1.0388581015455607,1.2792501789967747,1.01827302260183,1.1277556914312161,0.8574290291984992,healthy
1.002426784344529,0.8500376024152398,1.4064953645802456,0.835854556260031,1.0844681381439925,0.7657501804766945,0.7805278720061081,0.9998899380408436,1.0928827791758726,0.6493708258906945,0.9348721636981018,0.9304751159512755,1.0020290105147736,0.8030680962750678,0.7183032142891737,0.8320640531018189,0.5630849283337799,1.0372370420189418,0.6998018283611557,1.2083150704755932,healthy
1.2000077017278992,0.6747118679878957,0.8671654521145257,1.2304513018094378,1.36071548046597,1.2848351678940864,1.354445424951776,0.818695748121029,0.9774374151784213,0.8387838037878345,1.2174531703574776,1.426372482246923,1.2218817903225427,0.7636246730788464,1.5529880532888733,0.7568662173040945,0.9211675536652773,1.3596253721098464,1.166660588073949,0.7989480223189834,healthy
0.8641201421761698,0.9084795138910212,1.021259712819017,0.7372053698726794,1.0844681381439925,0.985363059768668,0.9388499555773268,1.1408187524229216,1.131364567175023,0.9650591223859277,0.9913883650299768,1.0067670184582982,0.9220825451301301,0.8227898078731786,1.040795083902694,1.0012591836466984,1.2394632206266083,1.132057139104502,0.7387067250038885,0.6624923396001136,healthy
0.962910600867855,0.927960151049615,0.8286418869384028,0.7569352071501496,0.768756889776018,0.546137301184721,1.018010997362936,0.5972361826634778,0.9966783091779965,0.85982969022085,1.4246792419076866,0.9876940428315425,0.6222832999377176,1.1580589050410606,1.1166755238117576,0.7192672994052325,0.9410610328503605,0.8475968478478217,0.6803493800397893,1.695656794471557,healthy
0.6467811330544626,0.8110763280980523,0.65528584364585,0.717475532595209,1.400179386511967,0.9454334453519455,0.7409473511133035,1.362278317880473,1.3622552951699256,0.9861050088189433,0.784162293479768,1.0067670184582982,1.0220156268609344,1.118615481844839,0.9838847539708963,0.6440694636075082,1.0007414704056101,1.132057139104502,1.2444703813594145,0.818441691278822,healthy
0.7653296834844847,0.9669214253668026,0.6167622784697271,1.5855883728039037,0.8279527488450132,1.0452574813937516,1.2357038622733618,0.9394918747342388,0.86199205118097,1.1544721002830676,0.9348721636981018,1.1784237990990993,0.6222832999377176,0.8622332310694,1.040795083902694,1.4524461984330441,0.8415936369249445,0.8665608672649338,0.8359689666107204,0.8964163671181763,healthy
1.120975334774551,1.1032858854769592,0.9056890172906485,0.9345037426473827,0.7095610307070228,1.0053278669770291,0.7805278720061081,1.2616148790361315,0.9197147331796957,1.322839191747192,1.0290658325845603,0.663453457176696,0.5823100672453959,1.0200069238542855,1.2494662936526189,0.606470545708646,1.2195697414415252,0.9234529255162698,0.7387067250038885,1.169327732555916,healthy
1.2000077017278992,1.0838052483183653,1.0405214954070785,1.1712617899770268,0.5319734535000371,1.165046324643919,1.0575915182557407,1.1005533768851852,0.7273057931839434,1.322839191747192,1.4246792419076866,0.9686210672047868,1.1019620922455777,1.000285212256175,1.1166755238117576,1.471245657382475,1.4781849708476067,1.3216973332756223,0.7192542766825221,1.0133783808772077,healthy
1.3778305273729323,0.927960151049615,1.4835424949324914,0.7569352071501496,1.104200091166991,1.0252926741853905,0.8201083928989128,0.4965727438191363,0.9004738391801204,0.901921463086881,0.8783559623662266,1.3119346284863889,1.201895173976382,1.394719444218389,1.0218249739254281,1.0388581015455607,0.7620197201846117,1.056201061436054,0.7387067250038885,0.5260366568812437,healthy
1.081459151297877,1.2591309827457096,0.7901183217622799,0.717475532595209,1.2620557153509782,1.0252926741853905,1.018010997362936,1.1206860646540533,1.0928827791758726,0.85982969022085,0.5580974881522672,1.2165697503526105,1.2218817903225427,0.9608417890599534,0.6993331043119078,1.0200586425961296,0.8018066785547782,0.5441725371740294,1.32228017464488,0.7989480223189834,healthy
-0.953624297750836,-0.7473746445894509,-0.9723347850453407,-0.6932078327439202,-1.036716811828336,-0.9911528538590931,-0.9412247868308952,-0.9227817438860784,-0.638797680785897,-1.1710983505651504,-1.1373885518039877,-0.7670197148299795,-0.9966326241013104,-0.843694822167176,-0.941581408721593,-1.1606785955378742,-1.088073844028125,-1.0013950453206004,-1.099549641365235,-1.111431535745195,IBD
-1.0326566647041842,-1.0493245205476547,-1.0108583502214634,-0.8214517750474774,-0.9676549762478416,-1.0510472754841769,-0.9214345263844927,-1.1140422776903272,-1.1101995837754899,-0.8027953379873782,-1.1750660193585711,-1.0245048857911812,-1.006625932274391,-0.6661994177841796,-0.8751860238011623,-1.245276160810314,-1.0980205836206665,-0.8686469094008163,-1.0217398480797697,-1.0042163564660829,IBD
-1.0919309399191952,-1.12724706918203,-1.0686436979856477,-0.9595606359897697,-0.8985931406673472,-0.8114695889838421,-1.0698614797325103,-0.7919192733884345,-1.1679222657742154,-0.8975018269359483,-0.9207431133651329,-0.795629178270113,-0.7867731524666216,-1.1296596403397812,-0.7898205289034658,-1.1324794071137276,-0.8791923125847515,-1.1531072006574967,-0.9536562789549873,-0.9262416806267287,IBD
-1.2104794903492173,-0.8447778303824199,-0.8375023069289107,-1.156859008764473,-1.184706459500824,-1.0310824682758155,-0.81258809392928,-0.8825163683483418,-0.8793088557805873,-1.086914804833088,-0.8171300775900284,-1.1103332761115816,-1.0765790894859537,-1.1691030635360025,-0.9320963537329601,-0.9068858997205549,-0.8394053542145851,-0.9824310259034884,-0.9342038306336209,-1.0919378667853565,IBD
-0.8054386097133084,-1.205169617816405,-0.8856567633990642,-0.9003711241573586,-0.7210055634603615,-0.8513992034005646,-1.1391273912949185,-1.1241086215747613,-1.0139951137776138,-1.1605754073486425,-0.8265494444786743,-0.8814575685905135,-0.9266794668897474,-1.0113293707511168,-1.0459170135965554,-0.8316880639228306,-1.0681803648430417,-1.0203590647377125,-0.9828349514370368,-1.286874556383742,IBD
-1.052414756442521,-1.0688051577062485,-0.9338112198692178,-0.9398307987122994,-0.8097993520638543,-0.8314343961922034,-0.990700437946901,-1.3355018431478785,-1.1101995837754899,-0.8027953379873782,-1.118549818026696,-0.9958954223510476,-0.9566593914089887,-0.8831382453633974,-1.0364319586079225,-1.0008831944677101,-1.1278608023982912,-0.7643448026067002,-0.8758464856695217,-0.9847226875062444,IBD
-0.8844709766666564,-0.922700379016795,-0.7893478504587571,-1.0384799850996511,-0.9281910702018448,-0.891328817817287,-1.178707912187723,-0.9328480877705125,-0.9658928787786757,-0.9606394862349948,-0.8548075451446119,-0.8242386417102465,-0.9266794668897474,-1.0211902265501722,-1.0269469036192895,-1.226476701860883,-1.1775945003609993,-1.0393230841548244,-1.0120136239190864,-0.935988515106648,IBD
-0.8844709766666564,-1.0298438833890609,-1.0782745892796786,-1.1272642528482675,-0.9479230232248432,-0.9112936250256483,-0.990700437946901,-1.0536442143837224,-1.1679222657742154,-1.1816212937816581,-0.9207431133651329,-1.1675522029918486,-0.9466660832359083,-0.7648079757747331,-0.951066463710226,-1.104280218689581,-0.6305238227712116,-1.2479272977430569,-1.0217398480797697,-0.9457353495865672,IBD
-1.1215680775267007,-1.1077664320234362,-1.0590128066916171,-1.0680747410158564,-0.8097993520638543,-1.0809944862967187,-0.990700437946901,-0.8422509928106052,-1.0236155607774013,-1.1816212937816581,-1.1373885518039877,-1.20569815424536,-1.0565924731397929,-0.902859956961508,-1.0174618486306566,-1.0572815713160033,-0.8394053542145851,-0.9729490161949325,-1.294074124578899,-0.8775075082271323,IBD
-1.2401166279567228,-1.0298438833890609,-1.155321719631924,-1.0680747410158564,-0.888727164155848,-1.1309065043176216,-1.0005955681701022,-0.9328480877705125,-0.7734839387829235,-1.0237771455340414,-0.9490012140310705,-1.0435778614179367,-1.2064920957359992,-0.7746688315737885,-0.9984917386533907,-0.8598872523469772,-0.8592988333996683,-1.0298410744462685,-0.8855727098302049,-1.0139631909460023,IBD
-1.012898572965847,-0.835037511803123,-0.9530730024572792,-1.1864537646806785,-1.1452425534548272,-0.9811704502549126,-0.8620637450452858,-0.9831798071926833,-0.763863491783136,-0.813318281203886,-0.9301624802537788,-0.7002643001363347,-1.0465991649667126,-1.0113293707511168,-1.0838572335510872,-0.9632842765688481,-0.9289260105474595,-1.1531072006574967,-1.0120136239190864,-1.0042163564660829,IBD
-0.9042290684049934,-1.2149099363957019,-0.8760258721050335,-0.8609114496024179,-0.7999333755523551,-0.971188046650732,-0.990700437946901,-1.1845066848813661,-1.0909586897759147,-1.086914804833088,-1.2975177889109675,-1.1198697639249595,-0.9766460077551495,-0.8239731105690652,-0.8467308588352634,-1.0102829239424258,-1.137807541990833,-1.0772511229890487,-1.0314660722404527,-0.9944695219861637,IBD
-1.1413261692650376,-1.1759486620785145,-0.9145494372811563,-1.1469940901257378,-1.0564487648513343,-0.9412408358381901,-1.0203858286165044,-0.6711231467752247,-0.8985497497801624,-1.2447589530807048,-0.9678399478083622,-1.091260300484826,-1.1465322466975167,-0.8929991011624527,-0.7044550340057691,-1.0948804892148656,-1.0681803648430417,-1.0867331326976046,-1.0703709688831855,-1.0821910323054371,IBD
-0.9832614353583415,-0.8934794232789044,-0.8086096330468185,-0.8806412868798883,-1.0268508353168369,-0.971188046650732,-0.8026929637060788,-1.0838432460370246,-1.0236155607774013,-0.8869788837194404,-0.9301624802537788,-1.0245048857911812,-0.9666526995820691,-1.1099379287416704,-0.732910198971668,-0.9632842765688481,-1.1775945003609993,-0.8781289191093723,-0.8466678131874721,-0.9554821840664866,IBD
-0.99314048122751,-0.8545181489617169,-1.0782745892796786,-1.2357783578743544,-0.98738692927084,-0.9013112214214677,-0.9610150472772975,-0.9328480877705125,-0.9947542197780386,-0.8764559405029327,-0.9678399478083622,-0.8623845929637579,-0.9766460077551495,-1.0113293707511168,-1.0743721785624543,-0.9914834649929947,-0.7399379582891691,-0.8876109288179284,-0.9147513823122545,-0.6143429772693119,IBD
-0.953624297750836,-0.8447778303824199,-0.9338112198692178,-1.097669496932062,-0.8393972815983519,-1.0610296790883575,-0.931329656607694,-1.0737769021525905,-0.8696884087807997,-0.6870429626057928,-0.9584205809197164,-1.0149683979778032,-0.9966326241013104,-1.23812905412939,-1.1597376734601508,-0.6906921218020976,-0.9090325313623763,-1.2384452880345007,-1.041192296401136,-1.0821910323054371,IBD
-1.0820518940500266,-1.0298438833890609,-1.1167981544558014,-1.097669496932062,-0.7604694695063583,-0.8513992034005646,-0.7631124428132741,-1.033511526614854,-1.1005791367757023,-1.086914804833088,-0.713517041814924,-0.9386764954707806,-0.796766460639702,-1.100077072942615,-1.0648871235738213,-0.8598872523469772,-1.0283934064728755,-1.0108770550291566,-0.9633825031156704,-1.072444197825518,IBD
-0.7461643344982972,-1.0590648391269517,-1.1071672631617706,-0.9891553919059752,-0.8393972815983519,-1.1209241007134412,-0.9808053077236998,-0.8623836805794735,-0.9177906437797376,-0.7501806219048394,-0.8171300775900284,-0.9482129832841584,-0.8867062341974258,-0.9521642359567848,-0.7708504189261999,-1.2828750787091763,-0.9985531876952506,-1.1720712200746086,-1.0509185205618192,-0.7020644875885853,IBD
-1.0919309399191952,-0.9129600604374982,-0.5870991332841121,-1.1371291714870027,-1.0071188822938384,-1.0011352574632737,-1.119337130848516,-0.7919192733884345,-0.9274110907795253,-0.9501165430184871,-1.1373885518039877,-0.9577494710975363,-0.9666526995820691,-1.2972941889237222,-0.9605515186988589,-0.8598872523469772,-1.0582336252505002,-0.9539849967778204,-0.8855727098302049,-0.935988515106648,IBD
-1.1907213986108802,-0.9616616533339827,-1.0590128066916171,-0.9990203105447103,-0.9577889997363424,-1.1908009259427055,-1.109442000625315,-0.9227817438860784,-0.8312066207816492,-1.2868507259467359,-0.7888719769240908,-0.8814575685905135,-1.1465322466975167,-1.0211902265501722,-0.8372458038466305,-0.9820837355182791,-0.9289260105474595,-1.1910352394917207,-1.0509185205618192,-1.1699125426247106,IBD
-0.973382389489173,-1.1369873877613268,-0.856764089516972,-0.9398307987122994,-0.8985931406673472,-1.1109416971092605,-0.8521686148220846,-1.0737769021525905,-1.0813382427761271,-1.1079606912661037,-1.052614249806175,-0.7288737635764682,-0.916686158716667,-0.9817468033539508,-1.0364319586079225,-0.784689416549253,-0.9687129689176258,-1.1151791618232727,-0.9925611755977201,-1.0626973633455985,IBD
-1.0227776188350155,-1.0980261134441391,-1.0301201328095249,-0.8905062055186235,-0.8492632581098511,-0.9112936250256483,-0.8818540054916881,-0.8724500244639076,-0.9177906437797376,-0.8554100540699171,-1.0620336166948208,-1.0435778614179367,-0.8367396933320237,-0.8535556779662313,-0.9795216286761248,-0.9632842765688481,-0.7598314374742523,-1.0013950453206004,-0.8272153648661057,-1.1211783702251144,IBD
-1.052414756442521,-0.9811422904925764,-1.0397510241035557,-1.1963186833194137,-0.888727164155848,-0.6417687277127717,-0.9709101775004987,-1.1241086215747613,-1.1198200307752775,-1.097437748049596,-1.0055174153629456,-0.8814575685905135,-0.9566593914089887,-0.705642840980401,-1.0648871235738213,-1.0008831944677101,-1.2372749379162489,-0.8496828899837043,-0.6813220024558578,-1.0139631909460023,IBD
-0.8844709766666564,-0.9714019719132796,-1.0012274589274328,-0.9102360427960938,-0.9577889997363424,-0.891328817817287,-0.8620637450452858,-1.0637105582681565,-0.8408270677814368,-1.0658689184000727,-0.8924850126991953,-1.0626508370446925,-1.1465322466975167,-1.149381351937892,-0.7898205289034658,-1.0290823828918567,-0.9488194897325426,-0.9539849967778204,-1.0509185205618192,-1.1406720391849527,IBD
-0.9239871601433305,-1.0006229276511702,-1.0204892415154942,-0.9398307987122994,-0.8196653285753536,-0.891328817817287,-1.109442000625315,-0.9227817438860784,-1.0717177957763393,-0.8869788837194404,-1.0997110842494042,-0.8433116173370022,-0.7667865361204608,-1.1395204961388365,-0.9605515186988589,-0.9632842765688481,-0.9985531876952506,-0.9160569579435964,-0.9147513823122545,-1.04320369438576,IBD
-0.8745919307974879,-0.9519213347546858,-0.8375023069289107,-1.0384799850996511,-1.1649745064778256,-1.1608537151301637,-1.0401760890629068,-1.2247720604191028,-1.129440477775065,-0.9711624294515027,-0.9584205809197164,-1.20569815424536,-0.9066928505435866,-0.9817468033539508,-1.0554020685851884,-1.0572815713160033,-0.8394053542145851,-1.0488050938633806,-0.8952989339908881,-1.1016847012652757,IBD
-0.7856805179749713,-1.1662083434992174,-0.8663949808110027,-0.7228025886601256,-1.1748404829893249,-1.0310824682758155,-1.0104906983933033,-0.8825163683483418,-1.0620973487765517,-1.1079606912661037,-1.325775889576905,-0.795629178270113,-0.8767129260243454,-0.9225816685596188,-1.0459170135965554,-0.8974861702458393,-1.1775945003609993,-0.9255389676521524,-0.7688580199020065,-0.9554821840664866,IBD
-0.9832614353583415,-1.1077664320234362,-1.0108583502214634,-1.0582098223771215,-0.8985931406673472,-1.1708361187343441,-1.0005955681701022,-0.9529807755393808,-0.9562724317788881,-0.8554100540699171,-0.8736462789219036,-1.0149683979778032,-0.9066928505435866,-1.2972941889237222,-1.0648871235738213,-0.8598872523469772,-1.137807541990833,-0.8402008802751483,-1.099549641365235,-0.9847226875062444,IBD
-0.9635033436200044,-0.922700379016795,-1.0301201328095249,-1.0088852291834456,-0.888727164155848,-1.0909768899008994,-0.9808053077236998,-0.6610568028907906,-1.0620973487765517,-1.0132542023175337,-1.250420954467738,-1.1294062517383372,-0.8267463851589433,-1.1197987845407258,-1.1597376734601508,-0.7282910397009598,-0.8791923125847515,-0.8402008802751483,-0.7980366923840562,-0.8970011771869709,IBD
-1.0030195270966786,-0.9616616533339827,-1.0204892415154942,-0.8510465309636828,-1.1057786474088305,-0.9811704502549126,-1.0203858286165044,-0.892582712232776,-0.9851337727782509,-1.0658689184000727,-0.7888719769240908,-0.7860926904567351,-0.8966995423705062,-1.0211902265501722,-0.9036411887670611,-0.9256853586699859,-0.9687129689176258,-0.9255389676521524,-0.8855727098302049,-1.0626973633455985,IBD
-1.052414756442521,-1.1856889806578113,-1.0204892415154942,-1.0187501478221808,-0.7999333755523551,-0.7615575709629391,-1.1292322610717174,-0.8019856172728687,-0.8504475147812244,-1.1290065776991192,-1.0997110842494042,-1.0817238126714481,-0.916686158716667,-0.9225816685596188,-1.0648871235738213,-1.08548075974015,-1.0184466668803338,-1.0867331326976046,-0.9147513823122545,-0.9164948461468094,IBD
-0.9437452518816675,-1.020103564809764,-1.1360599370438627,-1.1864537646806785,-1.1551085299663264,-0.9312584322340095,-1.0203858286165044,-1.033511526614854,-1.0428564547769765,-0.771226508337855,-0.9960980484742998,-1.0149683979778032,-1.2964318692937231,-1.1099379287416704,-0.8941561337784282,-0.9256853586699859,-0.9090325313623763,-0.9824310259034884,-1.1870856588113838,-1.111431535745195,IBD
-0.7165271968907917,-1.0882857948648423,-0.8086096330468185,-0.9102360427960938,-0.9676549762478416,-0.891328817817287,-1.0104906983933033,-1.0637105582681565,-1.0524769017767641,-0.8343641676369016,-0.9395818471424247,-0.9768224467242919,-1.0965657058321145,-0.9324425243586741,-1.1597376734601508,-1.0008831944677101,-1.0681803648430417,-0.8970929385264843,-0.9536562789549873,-0.7897859979078589,IBD
-1.0030195270966786,-0.8252971932238261,-0.9915965676334021,-0.7819921004925366,-1.086046694385832,-0.9512232394423707,-0.9016442659380904,-0.9227817438860784,-1.1486813717746402,-0.9816853726680104,-0.8359688113673202,-0.7765562026433573,-1.1964987875629187,-1.0507727939473384,-1.0933422885397202,-1.2828750787091763,-1.1179140628057498,-1.1625892103660527,-0.9536562789549873,-0.6240898117492311,IBD
-1.1215680775267007,-1.0103632462304672,-1.0782745892796786,-0.9299658800735642,-1.2932322011273152,-1.0909768899008994,-0.8620637450452858,-1.1140422776903272,-0.9851337727782509,-0.9816853726680104,-0.9960980484742998,-1.1007967882982037,-0.8467330015051041,-1.1197987845407258,-0.9226112987443271,-1.0760810302654344,-0.8095651354369603,-1.0393230841548244,-1.148180762168651,-0.9457353495865672,IBD
-0.9437452518816675,-0.8252971932238261,-1.0782745892796786,-0.9299658800735642,-1.0959126708973312,-0.971188046650732,-0.8917491357148893,-0.8623836805794735,-0.9755133257784633,-0.9711624294515027,-1.052614249806175,-0.8909940564038914,-1.0166192404474712,-0.9225816685596188,-0.8846710787897952,-0.9914834649929947,-0.9189792709549178,-0.8970929385264843,-0.8952989339908881,-1.1406720391849527,IBD
-1.1907213986108802,-0.6986730516929665,-1.0590128066916171,-1.0582098223771215,-1.2537682950813185,-1.1408889079218023,-0.9016442659380904,-0.8623836805794735,-0.8985497497801624,-0.6659970761727773,-1.127969184915342,-1.138942739551715,-0.8966995423705062,-1.0606336497463937,-1.2451031683578475,-0.8880864407711238,-1.1079673232132081,-0.62211465697836,-0.9925611755977201,-0.8970011771869709,IBD
-1.2203585362183857,-1.0688051577062485,-0.9338112198692178,-0.9003711241573586,-1.1057786474088305,-0.891328817817287,-0.8917491357148893,-0.9429144316549467,-0.9274110907795253,-0.8448871108534094,-1.250420954467738,-0.9386764954707806,-1.126545630351356,-0.705642840980401,-1.2451031683578475,-1.1512788660631588,-1.1079673232132081,-0.9445029870692644,-0.9342038306336209,-1.0042163564660829,IBD
-0.8844709766666564,-0.7668552817480447,-0.8375023069289107,-0.9003711241573586,-0.9084591171788464,-0.841416799796384,-0.8323783543756823,-1.0637105582681565,-1.0524769017767641,-1.1500524641321348,-0.9301624802537788,-0.9577494710975363,-1.1865054793898384,-1.1691030635360025,-1.178707783437417,-0.7564902281251064,-1.1278608023982912,-0.7453807831895882,-1.1676332104900176,-1.04320369438576,IBD
-1.2203585362183857,-0.8642584675410137,-0.9723347850453407,-1.0483449037383863,-1.1156446239203297,-1.300607365588692,-0.9709101775004987,-1.033511526614854,-0.7831043857827111,-0.9290706565854715,-0.7229364087035699,-0.9577494710975363,-0.9066928505435866,-1.0606336497463937,-0.941581408721593,-0.8880864407711238,-0.720044479104086,-0.8117548511494802,-1.099549641365235,-0.9652290185464059,IBD
-0.973382389489173,-0.8934794232789044,-1.193845284808047,-0.7819921004925366,-0.9281910702018448,-0.7915047817754809,-1.218288433080528,-1.1643739971124978,-0.8215861737818616,-0.7501806219048394,-0.8265494444786743,-1.196161666431982,-0.8567263096781845,-1.1099379287416704,-0.8751860238011623,-0.9068858997205549,-0.9289260105474595,-0.9065749482350404,-0.7591317957413234,-0.8385201703074552,IBD
-1.1314471233958692,-1.2149099363957019,-0.9434421111632485,-0.9694255546285049,-0.9183250936903455,-0.8813464142131064,-1.0302809588397057,-1.0435778704992882,-0.9177906437797376,-1.002731259101026,-0.9113237464764871,-1.2152346420587379,-1.0865723976590342,-0.735225408377567,-0.9320963537329601,-1.0760810302654344,-0.7399379582891691,-0.8022728414409243,-1.041192296401136,-1.04320369438576,IBD
-0.6671319675449492,-1.0882857948648423,-1.0493819153975863,-0.9398307987122994,-1.0761807178743328,-1.1309065043176216,-0.9214345263844927,-0.8825163683483418,-1.0236155607774013,-1.086914804833088,-0.986678681585654,-0.9672859589109141,-0.9966326241013104,-0.9620250917558402,-0.9226112987443271,-1.0760810302654344,-1.257168417101332,-0.8402008802751483,-0.7883104682233729,-1.0237100254259215,IBD
-0.894350022535825,-0.7960762374859355,-1.0108583502214634,-0.8115868564087422,-1.1649745064778256,-0.971188046650732,-1.1490225215181196,-0.9127154000016442,-0.811965726782074,-0.8764559405029327,-0.9207431133651329,-1.0817238126714481,-0.8966995423705062,-0.8634165337652866,-0.8372458038466305,-1.08548075974015,-0.769778177066794,-0.9445029870692644,-1.148180762168651,-0.867760673747213,IBD
-0.7856805179749713,-0.9908826090718733,-1.1745835022199855,-1.2061836019581489,-1.1551085299663264,-0.9512232394423707,-1.1984981726341255,-1.0536442143837224,-1.033236007777189,-1.086914804833088,-1.052614249806175,-1.2819900567523828,-1.0965657058321145,-0.9127208127605634,-0.8941561337784282,-0.9914834649929947,-0.7996183958444187,-0.8307188705665923,-0.7494055715806401,-0.7995328323877781,IBD
-1.1413261692650376,-0.9519213347546858,-0.9627038937513099,-1.0483449037383863,-0.9183250936903455,-1.0610296790883575,-0.9610150472772975,-1.0435778704992882,-1.1005791367757023,-0.908024770152456,-1.052614249806175,-0.7860926904567351,-1.0965657058321145,-0.9423033801577294,-1.0554020685851884,-0.9068858997205549,-0.8195118750295018,-1.2479272977430569,-1.1870856588113838,-0.935988515106648,IBD
-1.0622938023116897,-0.8447778303824199,-0.9241803285751871,-1.028615066460916,-1.0071188822938384,-0.8813464142131064,-0.9214345263844927,-0.90264905611721,-1.0428564547769765,-0.9501165430184871,-0.8924850126991953,-1.0054319101644253,-0.7467999197742999,-1.0113293707511168,-0.9984917386533907,-0.803488875498684,-0.7299912186966275,-0.8591648996922603,-1.0800971930438688,-0.9262416806267287,IBD
-0.7165271968907917,-0.8155568746445292,-0.9145494372811563,-1.0779396596545916,-0.888727164155848,-0.9811704502549126,-1.0698614797325103,-1.1543076532280638,-0.8408270677814368,-0.9816853726680104,-0.845388178255966,-0.8719210807771357,-0.9966326241013104,-0.7746688315737885,-0.9984917386533907,-0.822288334448115,-1.0184466668803338,-1.0488050938633806,-1.1579069863293343,-1.0042163564660829,IBD
-0.9437452518816675,-1.0298438833890609,-0.9723347850453407,-0.6537481581889795,-0.9183250936903455,-1.150871311525983,-0.8818540054916881,-1.0536442143837224,-1.177542712774003,-1.139529520915627,-0.9772593146970081,-0.9386764954707806,-0.9366727750628279,-0.873277389564342,-1.0838572335510872,-1.0948804892148656,-1.30690211506404,-1.0488050938633806,-0.9731087272763537,-0.8580138392672938,IBD
-0.7758014721058027,-0.9908826090718733,-1.155321719631924,-1.0088852291834456,-1.1156446239203297,-1.0610296790883575,-0.990700437946901,-0.9529807755393808,-1.0043746667778262,-0.9606394862349948,-0.8736462789219036,-0.9386764954707806,-0.9366727750628279,-0.9127208127605634,-0.8087906388807317,-0.6906921218020976,-1.1477542815833746,-1.0393230841548244,-0.9050251581515713,-0.9847226875062444,IBD
